ward,area_km2,proposal_population,proposed_staff,city_reassigned,inherited_officials,inherited_civil_servants
Hiep Binh,16.01,215638,117,53,20,44
Tam Binh,10.71,153414,117,49,21,47
Thu Duc,8.81,118952,113,50,19,44
Linh Xuan,12.29,158334,111,50,19,42
Long Binh,29.43,119637,110,65,14,31
Tang Nhon Phu,16.51,208233,120,37,26,57
Phuoc Long,9.23,137331,106,41,19,46
Long Phuoc,34.29,53092,88,45,14,29
Long Truong,24.49,73669,91,47,12,32
An Khanh,15.33,76967,116,43,22,51
Binh Trung,14.82,121382,104,44,17,43
Cat Lai,19.65,68654,84,42,12,30
