Ward,Pop_2025,area_km2
Trường Thọ,72115,5.09
Long Bình,40663,17.79
Long Thạnh Mỹ,39561,12.03
Tân Phú,38031,4.48
Hiệp Phú,33574,2.17
Tăng Nhơn Phú A,37889,4.14
Tăng Nhơn Phú B,37540,5.33
Phước Long B,52141,5.87
Phước Long A,23901,2.34
Trường Thạnh,23440,9.88
Long Phước,11308,24.74
Long Trường,21067,12.68
Phước Bình,13258,1.0
Phú Hữu,36583,11.86
Linh Xuân,60615,3.88
Bình Chiểu,77135,5.39
Linh Trung,94904,7.14
Thảo Điền,46664,3.77
Tam Bình,33800,2.17
Tam Phú,38963,3.1
Hiệp Bình Phước,84484,7.64
Hiệp Bình Chánh,112364,6.53
Linh Chiểu,32893,1.41
Linh Tây,27167,1.35
Linh Đông,47053,2.97
Bình Thọ,27802,1.23
An Phú,51388,10.22
An Khánh,26086,3.85
Bình Trưng Đông,19281,3.3
Bình Trưng Tây,18131,2.07
Cát Lái,29706,6.66
Thạnh Mỹ Lợi,43745,13.21
An Lợi Đông,2756,3.61
Thủ Thiêm,1763,3.22
